step,phase,train_loss,val_loss,val_acc,test_acc,grad_norm,update_norm,relative_update,update_sparsity,lr,aux_lr,momentum_grad_cos,probe_grad_cos
100,train,0.6628497838973999,,,,0.9912136793136597,0.011058212257921696,2.6550494909363493e-05,0.0001784929910398042,4.000000000000001e-06,,0.4283808171749115,nan
200,train,0.31800544261932373,0.37701307004744855,0.841743119266055,,4.085571765899658,0.017572661861777306,4.2191855443186085e-05,0.0002693898484967742,8.000000000000001e-06,,-0.13558043539524078,0.27893221378326416
300,train,0.2709173858165741,,,,4.590299129486084,0.02217264100909233,5.3236798996124494e-05,0.00032759311065743996,1.2e-05,,-0.2167723923921585,0.8585176467895508
400,train,0.17284001410007477,0.2797348510234728,0.8818807339449541,,7.902932167053223,0.02816891297698021,6.763461471436208e-05,0.0004226868161172704,1.6000000000000003e-05,,0.5590482950210571,0.9389731287956238
500,train,0.14405784010887146,,,,6.694864749908447,0.03176657855510712,7.62737057509226e-05,0.0004499737958369359,2e-05,,-0.18557769060134888,0.9306079149246216
600,train,0.32213568687438965,0.28294723727014087,0.8772935779816514,,8.388189315795898,0.03138185292482376,7.53509252188066e-05,0.0004491672841210837,1.9555555555555557e-05,,-0.3283616900444031,0.8334689736366272
700,train,0.4704590439796448,,,,11.611871719360352,0.03072940930724144,7.378518715782121e-05,0.0004536927109711432,1.9111111111111113e-05,,0.2357010841369629,0.7404235601425171
800,train,0.1194852739572525,0.28401992538379967,0.8830275229357798,,5.786213397979736,0.03160027414560318,7.587721090661564e-05,0.00046114547664170315,1.866666666666667e-05,,0.20317645370960236,0.7755253314971924
900,train,0.19331011176109314,,,,5.980154037475586,0.02815120667219162,6.759636083271689e-05,0.000412202163811192,1.8222222222222224e-05,,0.11571378260850906,0.8888474702835083
1000,train,0.16252003610134125,0.2791846827902925,0.893348623853211,,7.074427604675293,0.026401953771710396,6.33968316791429e-05,0.00038206252228175307,1.7777777777777777e-05,,0.30698084831237793,0.5125516057014465
1100,train,0.044269636273384094,,,,1.8679076433181763,0.02734323963522911,6.565791050551198e-05,0.0003972966324700721,1.7333333333333336e-05,,-0.029472146183252335,0.5232471227645874
1200,train,0.09745533764362335,0.26703158793372844,0.8979357798165137,,3.22925066947937,0.027872584760189056,6.692993152388642e-05,0.00040803518661262244,1.688888888888889e-05,,0.041200440376996994,0.9106348752975464
1300,train,0.07630641758441925,,,,4.0816731452941895,0.028263939544558525,6.78707042583008e-05,0.00042501673885195446,1.6444444444444444e-05,,-0.07180643081665039,0.9176972508430481
1400,train,0.4173771142959595,0.2981099261466516,0.8899082568807339,,6.652487277984619,0.025864137336611748,6.210892198073302e-05,0.0003795832455256149,1.6000000000000003e-05,,-0.24732781946659088,-0.16984333097934723
1500,train,0.2867482900619507,,,,6.1885528564453125,0.026337627321481705,6.32468423582718e-05,0.0003976401467194165,1.555555555555556e-05,,-0.006844028830528259,0.009486565366387367
1600,train,0.08096256852149963,0.2619868207962141,0.911697247706422,,5.127120494842529,0.02399819903075695,5.762981799446194e-05,0.0003565528554173915,1.5111111111111112e-05,,0.08849548548460007,0.9463666081428528
1700,train,0.027757974341511726,,,,0.8610071539878845,0.022768165916204453,5.467658970070825e-05,0.0003416174532719807,1.4666666666666666e-05,,-0.03416767343878746,0.9599556922912598
1800,train,0.030478961765766144,0.26928146494501226,0.9013761467889908,,0.9077925086021423,0.022434821352362633,5.3876529844505974e-05,0.00033509068253443616,1.4222222222222224e-05,,0.08412013202905655,0.9495252370834351
1900,train,0.35508888959884644,,,,6.173818111419678,0.023206794634461403,5.5730824585815566e-05,0.0003471734228700735,1.377777777777778e-05,,0.16381575167179108,0.8615353107452393
2000,train,0.07141874730587006,0.2705205433549137,0.9036697247706422,,1.720349669456482,0.025111284106969833,6.030490050856738e-05,0.00037610329682573416,1.3333333333333333e-05,,0.14596037566661835,0.49526169896125793
2100,train,0.457004189491272,,,,7.5726318359375,0.018969865515828133,4.555658053042501e-05,0.00027793289852394914,1.288888888888889e-05,,-0.007348896935582161,0.08455600589513779
2200,train,0.21104837954044342,0.3122721796667357,0.8956422018348624,,5.5070013999938965,0.019110096618533134,4.589373227698724e-05,0.00027600623164719115,1.2444444444444446e-05,,0.06596413999795914,0.6290501952171326
2300,train,0.06367161870002747,,,,5.880527496337891,0.018613962456583977,4.470262116819011e-05,0.0002759763608429003,1.2e-05,,0.06297461688518524,0.7839550375938416
2400,train,0.18166396021842957,0.29493693597272996,0.9013761467889908,,10.916183471679688,0.018250565975904465,4.383030924589736e-05,0.0002745724330412317,1.1555555555555556e-05,,0.2533544600009918,0.6680180430412292
2500,train,0.0546601377427578,,,,6.13618278503418,0.01737336628139019,4.1724023781009804e-05,0.00025484276680714406,1.1111111111111113e-05,,0.08173136413097382,1.003649353981018
2600,train,0.029677074402570724,0.3092513630901455,0.8956422018348624,,3.530477285385132,0.017240121960639954,4.140439634389401e-05,0.00025299077694111315,1.0666666666666667e-05,,0.0255737341940403,0.6295357346534729
2700,train,0.15005743503570557,,,,7.044411659240723,0.016567697748541832,3.978984954670113e-05,0.00024825625446101793,1.0222222222222223e-05,,0.14700771868228912,0.902201235294342
2800,train,0.060032036155462265,0.32153348036862295,0.9013761467889908,,4.14737606048584,0.01528825331479311,3.671741333134313e-05,0.00022459857746268727,9.777777777777779e-06,,-0.14534340798854828,0.7666064500808716
2900,train,0.26113322377204895,,,,10.080062866210938,0.014699818566441536,3.5304528550192e-05,0.00021312818861501178,9.333333333333334e-06,,0.04024346172809601,0.5295665860176086
3000,train,0.03243081644177437,0.3585774665442082,0.8899082568807339,,1.764103889465332,0.014372371137142181,3.4518432591017116e-05,0.00020649687006244938,8.888888888888888e-06,,0.03510742262005806,-0.0036351026501506567
3100,train,0.16940990090370178,,,,8.991325378417969,0.01435112114995718,3.4467641090911444e-05,0.00021478601825315237,8.444444444444446e-06,,0.21784807741641998,0.963371992111206
3200,train,0.2902330160140991,0.307999781785755,0.9059633027522935,,12.375805854797363,0.012768830172717571,3.066760762050214e-05,0.00018838022726006613,8.000000000000001e-06,,-0.006227737292647362,0.8548281788825989
3300,train,0.3433481454849243,,,,8.282502174377441,0.01226550992578268,2.9458973548906986e-05,0.00018124110503455978,7.555555555555556e-06,,0.12365048378705978,0.8185250759124756
3400,train,0.015184426680207253,0.3262415649113032,0.8922018348623854,,1.0289599895477295,0.010774072259664536,2.587705865494533e-05,0.00015900229124004312,7.111111111111112e-06,,0.030085016041994095,0.9656030535697937
3500,train,0.01294955238699913,,,,1.171856164932251,0.009693920612335205,2.3282935335382278e-05,0.00014329024818307098,6.666666666666667e-06,,-0.08921673148870468,0.8749246597290039
3600,train,0.014889908954501152,0.306030141104252,0.9002293577981652,,0.6720373034477234,0.008411460556089878,2.0202879943275614e-05,0.00012505412216352443,6.222222222222223e-06,,-0.06271611899137497,1.0085859298706055
3700,train,0.49112147092819214,,,,8.955607414245605,0.0083667216822505,2.0095581005914217e-05,0.0001237696775790191,5.777777777777778e-06,,-0.33125635981559753,1.0002806186676025
3800,train,0.021283308044075966,0.31691422779967476,0.8967889908256881,,1.8251547813415527,0.008576547726988792,2.0599709494987372e-05,0.0001254424426193051,5.333333333333334e-06,,0.05596959590911865,0.9619079232215881
3900,train,0.06241563707590103,,,,4.703920364379883,0.007439029403030872,1.7867682913723137e-05,0.00010659396511179671,4.888888888888889e-06,,0.05054154247045517,0.9841651320457458
4000,train,0.13146309554576874,0.2907174511240163,0.9071100917431193,,6.706252098083496,0.0067558190785348415,1.6226818490443675e-05,0.00010226269848962759,4.444444444444444e-06,,0.2540908753871918,0.9995046257972717
4100,train,0.018065661191940308,,,,1.286142349243164,0.006486902013421059,1.5581030417336874e-05,9.558657373062897e-05,4.000000000000001e-06,,-0.04250270500779152,0.9955708384513855
4200,train,0.06378133594989777,0.3211473911966479,0.9059633027522935,,8.504066467285156,0.005211100447922945,1.251675042896257e-05,7.749980173253652e-05,3.555555555555556e-06,,0.044589243829250336,1.0094242095947266
4300,train,0.13503675162792206,,,,3.9294114112854004,0.004771960899233818,1.1462053496367658e-05,6.809049838092773e-05,3.1111111111111116e-06,,-0.10522947460412979,0.963462769985199
4400,train,0.02641318552196026,0.3504185510132838,0.8990825688073395,,4.105387210845947,0.0039967382326722145,9.60002099432882e-06,5.808377894350251e-05,2.666666666666667e-06,,-0.025576738640666008,0.9775378704071045
4500,train,0.2797483503818512,,,,7.780601501464844,0.0034691106993705034,8.332675036370472e-06,5.088491510941452e-05,2.222222222222222e-06,,-0.059325069189071655,1.0030192136764526
4600,train,0.1937362402677536,0.338992387346855,0.9059633027522935,,6.411805152893066,0.0024423771537840366,5.866497478789689e-06,3.581509434469504e-05,1.777777777777778e-06,,0.028751537203788757,0.9605117440223694
4700,train,0.039645444601774216,,,,3.630167007446289,0.0019230373436585069,4.619061896252367e-06,2.6853853057448575e-05,1.3333333333333334e-06,,-0.11245932430028915,1.0104323625564575
4800,train,0.015064694918692112,0.3468814095430965,0.9036697247706422,,2.7932279109954834,0.0013945283135399222,3.3496025071402453e-06,1.998356807055962e-05,8.88888888888889e-07,,0.19098855555057526,0.9487960934638977
4900,train,0.05174566060304642,,,,4.142651081085205,0.0007008882821537554,1.6835061376968417e-06,1.058920012109624e-05,4.444444444444445e-07,,0.06354069709777832,1.0218260288238525
5000,train,0.009600434452295303,0.34891260229905535,0.9048165137614679,,0.6443888545036316,7.268518402270274e-06,1.7458695848905743e-08,7.467701072705388e-08,0.0,,0.136921226978302,1.0218080282211304
